class,encoded_url
_label_negative_,antereeeeesvice
_label_negative_,anire1
_label_negative_,theneeeeennki0
_label_negative_,harteererpe
_label_negative_,haateek
_label_negative_,aaascafe
_label_negative_,meteenaaeeeroind
_label_negative_,eateeeeeaeeeeeexr
_label_negative_,parercm
_label_negative_,theneeeerixn
_label_negative_,coreernmatiun
_label_negative_,toreeesomn
_label_negative_,bratitoue
_label_negative_,barterseatters
_label_negative_,areen
_label_negative_,treneeeaopmant
_label_negative_,peacan
_label_negative_,manetj
_label_negative_,theteasbuf
_label_negative_,aneereetaren
_label_negative_,pareeetital
_label_negative_,toneone365
_label_negative_,antirreenelb
_label_negative_,theneefeed
_label_negative_,auarestoeg
_label_negative_,pareeeerrrtyde
_label_negative_,treneeeeeeeeeeeeceetex
_label_negative_,mareearney
_label_negative_,easaeeersnet
_label_negative_,pecpic
_label_negative_,nereet
_label_negative_,beateeeeeeeespx
_label_negative_,anerator
_label_negative_,hareecrater
_label_negative_,preneeeeeeenates
_label_negative_,bartaaratide
_label_negative_,mareenneoarket
_label_negative_,craga
_label_negative_,antreetleg
_label_negative_,hantowrt
_label_negative_,haraaaaaaoazime
_label_negative_,aneaenok
_label_negative_,barteraaedeengr
_label_negative_,manesadc
_label_negative_,maneeneeetlam
_label_negative_,coneatlen
_label_negative_,meteaaerfood
_label_negative_,treneewoeld
_label_negative_,auteeeeeeonigg
_label_negative_,haraetassay
_label_negative_,manietrun
_label_negative_,haraaeclood
_label_negative_,barertting
_label_negative_,thnsict
_label_negative_,anesport
_label_negative_,coreereeeeeenrinton
_label_negative_,caneennerarket
_label_negative_,coreereeted
_label_negative_,aneeneecdl
_label_negative_,anared
_label_negative_,pareereeesluce
_label_negative_,crom
_label_negative_,aneaaratima
_label_negative_,mynlp
_label_negative_,hape
_label_negative_,barteeeaeegeam
_label_negative_,aneenaaaeeenbw
_label_negative_,tarenhime
_label_negative_,haniaaintssb
_label_negative_,braneerrriting
_label_negative_,antaaaraniga
_label_negative_,conerralmen
_label_negative_,beateeeerretype
_label_negative_,barteaaonline
_label_negative_,mistem
_label_negative_,treneeeesian
_label_negative_,cato
_label_negative_,aneenaeesadl
_label_negative_,antaaanphof
_label_negative_,pareeneharlen
_label_negative_,antalar
_label_negative_,haraaaaaaratira
_label_negative_,manevieb
_label_negative_,anestop
_label_negative_,theneeeeeetestiv
_label_negative_,paneane880
_label_negative_,antonhem
_label_negative_,beateaaettijf
_label_negative_,antenmeriom
_label_negative_,
_label_negative_,mateeeetelae
_label_negative_,beaneeneenj
_label_negative_,mateetriot
_label_negative_,bartereanieaf
_label_negative_,beateeaereaning
_label_negative_,theneeeeetlamk
_label_negative_,treander
_label_negative_,mateaottime
_label_negative_,dareestems
_label_negative_,mateeclub
_label_negative_,toneentex
_label_negative_,coreernmeroom
_label_negative_,aneenteorfbg
_label_negative_,anatunny
_label_negative_,theneeeeeeereeze
_label_negative_,parerretleg
_label_negative_,theneeaaeontime
_label_negative_,aaqoe
_label_negative_,acpoint
_label_negative_,barteeefaem
_label_negative_,cr012
_label_negative_,caneeetton5
_label_negative_,harecom
_label_negative_,mentache
_label_negative_,treneerearing
_label_negative_,auaeemation
_label_negative_,manaatimas
_label_negative_,bratecraud
_label_negative_,haratila
_label_negative_,tondon
_label_negative_,antemamn
_label_negative_,baretwork
_label_negative_,bartaaatanha
_label_negative_,mateeeeeeeeeooergy
_label_negative_,hacloid
_label_negative_,thenerout
_label_negative_,antereeeaetceen
_label_negative_,toeeenennen2
_label_negative_,auteeeenreroom
_label_negative_,baska
_label_negative_,harteaatamhs
_label_negative_,antaruo
_label_negative_,panierrejp
_label_negative_,theeeareetwolf
_label_negative_,auaeeeeeeearatas
_label_negative_,hareeeanmation
_label_negative_,mateeesrances
_label_negative_,marerentral
_label_negative_,aneerhanner
_label_negative_,haraetype
_label_negative_,maneeeeeeenaritor
_label_negative_,hareereeeetinar
_label_negative_,beaneeenertimes
_label_negative_,danewaee
_label_negative_,pareereeeeeeetaner
_label_negative_,cotyne
_label_negative_,trealing
_label_negative_,meniareeweb
_label_negative_,carsciie
_label_negative_,ansift
_label_negative_,partartelaw
_label_negative_,pareereeeeae2177
_label_negative_,baatenteig
_label_negative_,braneerrinsce
_label_negative_,mareererrrehelp
_label_negative_,coreaaarama
_label_negative_,r8
_label_negative_,
_label_negative_,antrreeroard
_label_negative_,aneereeceesen
_label_negative_,tresirnal
_label_negative_,hareaaaaneted
_label_negative_,toeeaaaachara
_label_negative_,baneane363
_label_negative_,praneereeeelabal
_label_negative_,metearercard
_label_negative_,prenemuteom
_label_negative_,baateaaranyba
_label_negative_,prentreview
_label_negative_,troanal
_label_negative_,treneereeenmurmom
_label_negative_,crcern
_label_negative_,hasioral
_label_negative_,theneeeeenentanet
_label_negative_,eva
_label_negative_,praneefeed
_label_negative_,barteeeaogov
_label_negative_,antestory
_label_negative_,hossrew
_label_negative_,gronrb
_label_negative_,auaerestem
_label_negative_,pareeeeese-c
_label_negative_,anteetacml
_label_negative_,mateeeeeeeeeooligg
_label_negative_,mareereeetlink
_label_negative_,mareeeeae2028
_label_negative_,thentenmag
_label_negative_,coneoesrep
_label_negative_,praneeeeerenthe
_label_negative_,pareeeeeraetirl
_label_negative_,haneeetelk
_label_negative_,basssssxs
_label_negative_,theneeredod
_label_negative_,aneertreslem
_label_negative_,tartethaa
_label_negative_,pikt
_label_negative_,aneeneeraddy
_label_negative_,baateanstore
_label_negative_,bartateerx
_label_negative_,eareeelamps
_label_negative_,bancpb
_label_negative_,branteenteef
_label_negative_,coreertetedem
_label_negative_,thont888
_label_negative_,toreertirnel
_label_negative_,toreaeecapp
_label_negative_,braneeriterap
_label_negative_,haneeae2015
_label_negative_,horeal
_label_negative_,maneenerel
_label_negative_,thenetale
_label_negative_,bartereeecenien
_label_negative_,bronestyne
_label_negative_,bartererretec
_label_negative_,baolisg
_label_negative_,martavo
_label_negative_,aneaneeetapes
_label_negative_,trensparks
_label_negative_,haaaaacnik
_label_negative_,manetten8
_label_negative_,caneoelp
_label_negative_,haaaanada
_label_negative_,bartereeeeeeeteepooc
_label_negative_,maneatadan
_label_negative_,hareeeeeeeeslse
_label_negative_,apole
_label_negative_,autiiissssttsc
_label_negative_,haneeaeeinj
_label_negative_,treneeneeeacpr
_label_negative_,tareeeblay
_label_negative_,tropourt
_label_negative_,torody
_label_negative_,pranearonhine
_label_negative_,cleb
_label_negative_,mateereesrherl
_label_negative_,berteefaem
_label_negative_,pranesweb
_label_negative_,praneerread
_label_negative_,hareeaaeeewew
_label_negative_,aareeeeeeeetblog
_label_negative_,theneeaceiv
_label_negative_,pranearentha
_label_negative_,anitl
_label_negative_,aneaneyee
_label_negative_,dartereoerd
_label_negative_,maneenire1
_label_negative_,torensex
_label_negative_,toeeeeeaitream
_label_negative_,bertenrhop
_label_negative_,marteeeaeeee2000
_label_negative_,mareeaeeearanivo
_label_negative_,beaterneeeeemann
_label_negative_,treneeeaeeesrip
_label_negative_,baramrnia
_label_negative_,aneenton9
_label_negative_,matwarf
_label_negative_,dartensync
_label_negative_,anerreeelomd
_label_negative_,beattrabit
_label_negative_,manepark
_label_negative_,anerrenye
_label_negative_,hantaneensnlt
_label_negative_,barteaceiz
_label_negative_,praneersice
_label_negative_,mateaaoobile
_label_negative_,bartereeeeeeeeetilv
_label_negative_,antereeeesctools
_label_negative_,maneeebook
_label_negative_,haraaaaaeeeetricae
_label_negative_,braneecoetex
_label_negative_,ancanger
_label_negative_,carearlive
_label_negative_,aneerwood
_label_negative_,mareeeeneeneehk
_label_negative_,hareeaaeeerrrad
_label_negative_,meteenateeex
_label_negative_,harteeeeterhe
_label_negative_,aneetcern
_label_negative_,catce
_label_negative_,trenaastoy
_label_negative_,thechoter
_label_negative_,mateeatngas
_label_negative_,hareeeeeeeessa
_label_negative_,pretibes
_label_negative_,tondon
_label_negative_,aniego
_label_negative_,aneereeeeeenbenv
_label_negative_,beaneeeeenimd
_label_negative_,treneanaw
_label_negative_,treneeeolist
_label_negative_,beateao38
_label_negative_,treneaaaatela
_label_negative_,trenesnsoft
_label_negative_,maneeestrhe
_label_negative_,treneaentrol
_label_negative_,toreeaaripy
_label_negative_,hantsapc
_label_negative_,parengke
_label_negative_,hareeeaesrerol
_label_negative_,mareaaaanava
_label_negative_,trenentoom
_label_negative_,torearreview
_label_negative_,areertastry
_label_negative_,maneesian
_label_negative_,donny
_label_negative_,besrove
_label_negative_,barteneirrym
_label_negative_,beateresteeg
_label_negative_,mateeeeherse
_label_negative_,manensen0
_label_negative_,braneereeensinc
_label_negative_,antaeeertal
_label_negative_,mentenam
_label_negative_,antaraeeeeeerestrre
_label_negative_,wule
_label_negative_,pareeatilhr
_label_negative_,pareeload
_label_negative_,dareenearacy
_label_negative_,theneaaaiinsj
_label_negative_,toreenneemenn
_label_negative_,hareaaeeerload
_label_negative_,chaenv
_label_negative_,parterehanner
_label_negative_,manemuslum
_label_negative_,cressgl
_label_negative_,hcon
_label_negative_,easrerr
_label_negative_,cocal
_label_negative_,antiaaaeancd
_label_negative_,treneeatcorn
_label_negative_,pantalar
_label_negative_,apure
_label_negative_,aneertitiel
_label_negative_,mateeeeeeettaspot
_label_negative_,marerresrem
_label_negative_,braneareasga
_label_negative_,maneateenfr
_label_negative_,hanaechotel
_label_negative_,mateeeesinc
_label_negative_,bartenneenonh2
_label_negative_,harteeesluce
_label_negative_,braneaataria
_label_negative_,theneeeerrreborg
_label_negative_,arerove
_label_negative_,toreeshow
_label_negative_,aneeeaogov
_label_negative_,toreeeaaretcun
_label_negative_,theneaaaaratima
_label_negative_,mantolitt
_label_negative_,branataniz
_label_negative_,theneaurmy
_label_negative_,lm
_label_negative_,treneeteek
_label_negative_,theneenneecarn
_label_negative_,beaneeeacpn
_label_negative_,coreeeraner
_label_negative_,hawerz
_label_negative_,mantaenired
_label_negative_,crjm
_label_negative_,antennmuseom
_label_negative_,braneeaeemepl
_label_negative_,aneerland
_label_negative_,thectof
_label_negative_,caneereettarlut
_label_negative_,auaaaeatric
_label_negative_,broiac
_label_negative_,theneeeelab
_label_negative_,pareeonhome
_label_negative_,coreereeennlunk
_label_negative_,praneeettern
_label_negative_,carearathaee
_label_negative_,brantpark
_label_negative_,toeeeeeeenren1
_label_negative_,toeeeaeeenearc
_label_negative_,bartonsture
_label_negative_,anteeeeertravers
_label_negative_,amel
_label_negative_,hansrorx
_label_negative_,thentonrapt
_label_negative_,anal
_label_negative_,antwork
_label_negative_,iog
_label_negative_,manteafl
_label_negative_,meneeehanden
_label_negative_,prantroborg
_label_negative_,pantiya
_label_negative_,antareaaratipa
_label_negative_,beateeeeawx
_label_negative_,toetenedof
_label_negative_,mateeeanrians
_label_negative_,hareeeraner
_label_negative_,mareenreeerlag
_label_negative_,harasrode
_label_negative_,berteeright
_label_negative_,brlost
_label_negative_,bareeaaeeteim
_label_negative_,toeneeioral
_label_negative_,aneereetthe
_label_negative_,hareeeatcorn
_label_negative_,harearrthelp
_label_negative_,braneenaetoam
_label_negative_,coreantec
_label_negative_,antenential
_label_negative_,caneereenretron
_label_negative_,maneenron7
_label_negative_,praneaengj
_label_negative_,bartereeaesecpl
_label_negative_,toenstop
_label_negative_,toreaelsthie
_label_negative_,parearatina
_label_negative_,aneeeeorial
_label_negative_,anteeerapd
_label_negative_,pareeertives
_label_negative_,barterecentel
_label_negative_,toreeaattals
_label_negative_,trenttires
_label_negative_,arearita
_label_negative_,anetyne
_label_negative_,aneareerrred
_label_negative_,aneereeoatang
_label_negative_,trenealike
_label_negative_,mareeeeoladg
_label_negative_,aneeraaeelife
_label_negative_,theneaenixv
_label_negative_,tafinum
_label_negative_,po008
_label_negative_,toeeelund
_label_negative_,mareeeneeitral
_label_negative_,hareeeeeeeneetineo
_label_negative_,manetiean
_label_negative_,tortao68
_label_negative_,treneentrol
_label_negative_,trestude
_label_negative_,arnie
_label_negative_,auarrifa
_label_negative_,aneotilla
_label_negative_,baateenaaereview
_label_negative_,canbamn
_label_negative_,maneernrred
_label_negative_,haseleell
_label_negative_,barttarus
_label_negative_,antarensa
_label_negative_,lobpt
_label_negative_,barteaaatangla
_label_negative_,antraren
_label_negative_,braneeneecorp
_label_negative_,esviges
_label_negative_,meshot
_label_negative_,auteeeterne
_label_negative_,antaeeethere
_label_negative_,tonneeainav
_label_negative_,pareeeeetcerict
_label_negative_,beateeeiricg
_label_negative_,prantlabk
_label_negative_,manearctoon
_label_negative_,mg
_label_negative_,bartereeeeesblay
_label_negative_,mareerrraving
_label_negative_,coreerrload
_label_negative_,antereitiel
_label_negative_,coneeetirex
_label_negative_,pareetwork
_label_negative_,coneescaring
_label_negative_,anaeaanhv
_label_negative_,matellc
_label_negative_,holing
_label_negative_,
_label_negative_,theneeetival
_label_negative_,baataselo
_label_negative_,tarerson
_label_negative_,haaaemusic
_label_negative_,mateeaeerearley
_label_negative_,hnk
_label_negative_,coneeorial
_label_negative_,mareeaesaidios
_label_negative_,u
_label_negative_,hareeeaaaeeerrfied
_label_negative_,auareenhay
_label_negative_,anecensen
_label_negative_,toreeerraby
_label_negative_,aneeeererve
_label_negative_,theneresrew
_label_negative_,theneenlitron
_label_negative_,pareeetrewz
_label_negative_,haneeaee133
_label_negative_,aneeneosift
_label_negative_,antaerspg
_label_negative_,hareap-e
_label_negative_,treneee153
_label_negative_,preneeeeremm
_label_negative_,toreeaaremix
_label_negative_,aneetter7
_label_negative_,berteanburg
_label_negative_,bartaatream
_label_negative_,coreenmurdom
_label_negative_,anteetecee
_label_negative_,aneeatmotic
_label_negative_,aneeneneon5
_label_negative_,hareeeeeeitute
_label_negative_,hu02000
_label_negative_,maneeeiryal
_label_negative_,thenebank
_label_negative_,mantarha
_label_negative_,darastire
_label_negative_,auaaaaratima
_label_negative_,mareeeaazd
_label_negative_,antrreeeeetlapk
_label_negative_,pareereaaetecpl
_label_negative_,theneeeerarevrew
_label_negative_,beateeeestirues
_label_negative_,anterenbw
_label_negative_,antaraaaeastarnh
_label_negative_,hareeeeeeeeeessh
_label_negative_,tonterchem
_label_negative_,treneeneetter9
_label_negative_,anteeeeemxx
_label_negative_,trenilav
_label_negative_,marteeeerracme
_label_negative_,aocert
_label_negative_,easeeetscruct
_label_negative_,proreve
_label_negative_,mateeeeeeeeesian
_label_negative_,grenals
_label_negative_,parindex
_label_negative_,bureum
_label_negative_,trenoshore
_label_negative_,coneeaee055
_label_negative_,antaeaaeechide
_label_negative_,monnpel
_label_negative_,pareeneeioral
_label_negative_,aneerehhese
_label_negative_,aneeetlamk
_label_negative_,antaeeeeearty
_label_negative_,theneerestem
_label_negative_,barteaaeetoday
_label_negative_,coreareeetad
_label_negative_,haration
_label_negative_,
_label_negative_,branereeel
_label_negative_,daneter1
_label_negative_,mateeeeeeolitg
_label_negative_,corecvd
_label_negative_,treneetatar
_label_negative_,theneeeeeeatynt
_label_negative_,anterearict
_label_negative_,prannh1
_label_negative_,manastooe
_label_negative_,treneeaaaesnspb
_label_negative_,marernetteek
_label_negative_,anerreeeewild
_label_negative_,hanarney
_label_negative_,baranow
_label_negative_,toneeeelambs
_label_negative_,trenolivy
_label_negative_,mereap
_label_negative_,maneeaertan
_label_negative_,aneeraeaecrlud
_label_negative_,aneeeetrapf
_label_negative_,darerewild
_label_negative_,theneeetilem
_label_negative_,darhouse
_label_negative_,hareeereuso
_label_negative_,theneeeerrange
_label_negative_,anteeeeeeeeredm
_label_negative_,mareeeeeeeeeersites
_label_negative_,antesrem
_label_negative_,maneeeenren1
_label_negative_,branecenter
_label_negative_,theneaaaaastroa
_label_negative_,parearrapco
_label_negative_,cer
_label_negative_,harteerarce
_label_negative_,treneeeerrast
_label_negative_,antrorling
_label_negative_,mantoya
_label_negative_,haneeethian
_label_negative_,procalna
_label_negative_,caneersrsborg
_label_negative_,pareerteechub
_label_negative_,grocaem
_label_negative_,toraaaasboo
_label_negative_,crm
_label_negative_,mateeeerload
_label_negative_,aneereraurxy
_label_negative_,hareeeeeeeeererze
_label_negative_,hareeeeeeetarnet
_label_negative_,braneeeeteeform
_label_negative_,antarestode
_label_negative_,treneeerience
_label_negative_,pareeesice
_label_negative_,lareearoey
_label_negative_,coratanha
_label_negative_,darerrreview
_label_negative_,coreeeabc
_label_negative_,ponsyem
_label_negative_,barteraden
_label_negative_,branernecmt
_label_negative_,boloc
_label_negative_,pareeeeeeeeegithl
_label_negative_,baowork
_label_negative_,praneeneetiian
_label_negative_,bartansna
_label_negative_,manaeory
_label_negative_,antecersen
_label_negative_,treneees8
_label_negative_,bertaileng
_label_negative_,baateeetworz
_label_negative_,mesdhd
_label_negative_,bartersrtiirt
_label_negative_,anteeetlimk
_label_negative_,mantalike
_label_negative_,antent
_label_negative_,partenetreak
_label_negative_,apell
_label_negative_,beateeennbank
_label_negative_,antaaaatadeo
_label_negative_,pareetearict
_label_negative_,toreentscruct
_label_negative_,coreeaaegchup
_label_negative_,haneeroreem
_label_negative_,pariresrew
_label_negative_,mcrm
_label_negative_,aneorerdy
_label_negative_,aneeftofs
_label_negative_,braneeeeecanden
_label_negative_,hassbc
_label_negative_,cooz
_label_negative_,maneenteef
_label_negative_,dareestary
_label_negative_,conerel
_label_negative_,meteeeeeoligy
_label_negative_,apall
_label_negative_,antereeeehorse
_label_negative_,cmn
_label_negative_,transtiv
_label_negative_,haaaesrobe
_label_negative_,eareeaeeenntent
_label_negative_,pranereeml
_label_negative_,barteenoral
_label_negative_,pareereeeeesian
_label_negative_,tonlaren
_label_negative_,praneeeaaarenca
_label_negative_,haaaaarica
_label_negative_,treneeasteres
_label_negative_,theneerrastry
_label_negative_,theneritels
_label_negative_,crceel
_label_negative_,bratehanke
_label_negative_,aneereeeeentief
_label_negative_,berteetrepot
_label_negative_,anaaclaud
_label_negative_,coneatceex
_label_negative_,theneaaaaaamagaa
_label_negative_,antereeeeeetestem
_label_negative_,aneeretatflex
_label_negative_,coaxe
_label_negative_,mareereeeaaensrop
_label_negative_,mateeearley
_label_negative_,maneeoutiet
_label_negative_,braneereeining
_label_negative_,anearaeaaaonlile
_label_negative_,antrtetz
_label_negative_,coneelinf
_label_negative_,barteeeeeeology
_label_negative_,hareracml
_label_negative_,theneeebook
_label_negative_,thethene
_label_negative_,toneeten8
_label_negative_,corearaealtd
_label_negative_,pareereeeneen2
_label_negative_,mattolk
_label_negative_,beateeeeeeenestiles
_label_negative_,hanaaelsfa
_label_negative_,bartonline
_label_negative_,mateennnesrssses
_label_negative_,manettafk
_label_negative_,parerpoint
_label_negative_,11385
_label_negative_,beateeeeeeeecraten
_label_negative_,paneetree
_label_negative_,hareeeeaiegeam
_label_negative_,praneeaeeetrov
_label_negative_,toeateek
_label_negative_,beateeaaeforum
_label_negative_,beaneteajq
_label_negative_,antrrrrademy
_label_negative_,mateeenneipls
_label_negative_,praneerresmall
_label_negative_,marhhuse
_label_negative_,toeeeirnel
_label_negative_,pareeeeeeetesroot
_label_negative_,pantonen
_label_negative_,hartaaontime
_label_negative_,hasteell
_label_negative_,proenten
_label_negative_,toneewalk
_label_negative_,anteaaettertut
_label_negative_,toeeereaceen
_label_negative_,carervice
_label_negative_,beotaetyje
_label_negative_,trrean
_label_negative_,hartaneenesok
_label_negative_,toeeernag68
_label_negative_,antereeaaeeeeneld
_label_negative_,carhen
_label_negative_,coreeaeeeromtang
_label_negative_,auaaeastore
_label_negative_,anteraeeerload
_label_negative_,hareeetanal
_label_negative_,hareeenmnseum
_label_negative_,hareeeeaaarstop
_label_negative_,parteetwork
_label_negative_,auaaaeeengr
_label_negative_,theeeeeaaaesclub
_label_negative_,aneaaaaaarana
_label_negative_,aneeritol
_label_negative_,braneersrode
_label_negative_,anerreetief
_label_negative_,beataagobile
_label_negative_,mateeeeanthie
_label_negative_,preneeravel
_label_negative_,trenesrode
_label_negative_,theneeeoepport
_label_negative_,praneeeslace
_label_negative_,maneoaetour
_label_negative_,mareenterchem
_label_negative_,mateeeeaelac
_label_negative_,maneetalk
_label_negative_,haneaeitiel
_label_negative_,paneersmc
_label_negative_,don
_label_negative_,traaise
_label_negative_,theneeirval
_label_negative_,acaman
_label_negative_,braneeeeinimg
_label_negative_,bartehanien
_label_negative_,bareaasrindo
_label_negative_,haergy
_label_negative_,anaorscg
_label_negative_,coneeeteesift
_label_negative_,toreereeaateeex
_label_negative_,haaslofe
_label_negative_,bestag
_label_negative_,thenetimex
_label_negative_,theneeeeeraper
_label_negative_,manatipa
_label_negative_,praneararerca
_label_negative_,analipg
_label_negative_,priberg
_label_negative_,panealanet
_label_negative_,maneetil1
_label_negative_,theneeeaaantir
_label_negative_,bareerial
_label_negative_,theneeeweb
_label_negative_,mateecredye
_label_negative_,manaraton
_label_negative_,toreennatyn8
_label_negative_,coneennbenj
_label_negative_,trealife
_label_negative_,partereenaetreap
_label_negative_,manartef
_label_negative_,adok
_label_negative_,bartanastoia
_label_negative_,manetabal
_label_negative_,toreereeeeeeeeeet1
_label_negative_,aneeaaeietv
_label_negative_,thesesrort
_label_negative_,maniaresnew
_label_negative_,coneereeaaaeeelab
_label_negative_,theneeeesapc
_label_negative_,bartereenartron
_label_negative_,ael
_label_negative_,mcorts
_label_negative_,lareeaeeeeeoltily
_label_negative_,manesinc
_label_negative_,anerravers
_label_negative_,coreareaaaeostore
_label_negative_,treneercalper
_label_negative_,menerext
_label_negative_,praneeneetenn
_label_negative_,mubox
_label_negative_,toreaaaaetici
_label_negative_,branecensen
_label_negative_,meteereeeeemann
_label_negative_,anteeeerrange
_label_negative_,aualrance
_label_negative_,caaa
_label_negative_,mateeeeeeetrcam
_label_negative_,menelake
_label_negative_,hantrrhelp
_label_negative_,manesig
_label_negative_,aniries
_label_negative_,caneendesitx
_label_negative_,hartereaaeteenl
_label_negative_,maneaarhv
_label_negative_,prenteef
_label_negative_,thenitreap
_label_negative_,triting
_label_negative_,mateeeaeeteim
_label_negative_,haraareworld
_label_negative_,coneomceaux
_label_negative_,meneietyce
_label_negative_,prangit
_label_negative_,careereatunny
_label_negative_,mareerrasen
_label_negative_,hect
_label_negative_,menesizn
_label_negative_,mareeeeeeerente
_label_negative_,antereeeeereslem
_label_negative_,aneeneenine5
_label_negative_,coneereeeettestik
_label_negative_,aneeneeacms
_label_negative_,rocyel
_label_negative_,toreeetwerz
_label_negative_,harteaeeeeeeecandel
_label_negative_,lareenaaaeenlcb
_label_negative_,panenmnie
_label_negative_,thenereeeeeecmn
_label_negative_,braneenaeesagl
_label_negative_,aneenaiarayp
_label_negative_,braneeetital
_label_negative_,grriel
_label_negative_,barecimp
_label_negative_,barteinlex
_label_negative_,areerp
_label_negative_,toeeeaneeteeez
_label_negative_,mareeeeeeerna068
_label_negative_,maneaentual
_label_negative_,theeereeeeeeielac
_label_negative_,torrovers
_label_negative_,aneaaeak
_label_negative_,haasentol
_label_negative_,mta
_label_negative_,pareeetscrint
_label_negative_,mop
_label_negative_,auaaaebook
_label_negative_,branegue
_label_negative_,autaaeeoerb
_label_negative_,corenarel
_label_negative_,paneransja
_label_negative_,coneeeetrorekt
_label_negative_,haneetiean
_label_negative_,antareenpark
_label_negative_,mateeeeeerharl
_label_negative_,praneoonline
_label_negative_,manesware
_label_negative_,eaaeetasrit
_label_negative_,thenaatec
_label_negative_,pareerrlead
_label_negative_,nciaa
_label_negative_,trepenc
_label_negative_,crahe
_label_negative_,trerasex
_label_negative_,theniintssb
_label_negative_,meteetocrapt
_label_negative_,theneenlabat
_label_negative_,baretibal
_label_negative_,treneereeenantlhn
_label_negative_,braneaatec
_label_negative_,pareeeennio7
_label_negative_,toworld
_label_negative_,pareerecensen
_label_negative_,caneerrfeed
_label_negative_,preneeeeasctool
_label_negative_,haniiaaaeesndc
_label_negative_,araren
_label_negative_,aneareeerestyle
_label_negative_,toreenestities
_label_negative_,paneeeirl1
_label_negative_,tranenjc
_label_negative_,braneesasdias
_label_negative_,manesinnel
_label_negative_,coneareeaeeenhibe
_label_negative_,baranet
_label_negative_,coreereelredfe
_label_negative_,braneeeeotrol
_label_negative_,trenerotmls
_label_negative_,meriareeeford
_label_negative_,baateeeesdam
_label_negative_,aneeremod
_label_negative_,mareeaarative
_label_negative_,treneaaeetive
_label_negative_,hareeecensen
_label_negative_,caneertiman
_label_negative_,toreragie
_label_negative_,haneerenby
_label_negative_,adav
_label_negative_,braneeressem
_label_negative_,baatiia
_label_negative_,anearedita
_label_negative_,antaaiinsj
_label_negative_,mateeeeeetagan
_label_negative_,barenkw
_label_negative_,trenasimo
_label_negative_,anteeeeraersins
_label_negative_,thenertrod
_label_negative_,antaaaesclup
_label_negative_,anteeeeeeeining
_label_negative_,lareview
_label_negative_,theneonature
_label_negative_,theneenaonrail
_label_negative_,toreeeerixn
_label_negative_,mastems
_label_negative_,marereesmag
_label_negative_,toreearronting
_label_negative_,assport
_label_negative_,treneeeillv
_label_negative_,pareesriat
_label_negative_,anae2059
_label_negative_,coneinc
_label_negative_,maipe
_label_negative_,haneemicl
_label_negative_,bratesroits
_label_negative_,ecitels
_label_negative_,hareeaaooanil
_label_negative_,eusasiurs
_label_negative_,hareeaeeesoutlet
_label_negative_,aneaicues
_label_negative_,tarcating
_label_negative_,hareeraersios
_label_negative_,pareereoerd
_label_negative_,hastland
_label_negative_,braneeeenabc
_label_negative_,pareeeeeeerrrotdang
_label_negative_,toreetcript
_label_negative_,prantaesneb
_label_negative_,thentetap
_label_negative_,preneorraving
_label_negative_,becrae
_label_negative_,anman
_label_negative_,treneaaeesclud
_label_negative_,treneeaeeeeml
_label_negative_,haaacanda
_label_negative_,aneenroom
_label_negative_,maneenslig
_label_negative_,theneenes7
_label_negative_,autereeeeeennneenz
_label_negative_,antaaaeonlone
_label_negative_,beateenelig
_label_negative_,theneeeeewq
_label_negative_,bartaeeweb
_label_negative_,parerap
_label_negative_,pintlogot
_label_negative_,toreerrrating
_label_negative_,antenretrun
_label_negative_,hanestacles
_label_negative_,preneeaaegroup
_label_negative_,toreereeeerarfe
_label_negative_,aneworld
_label_negative_,hcsadc
_label_negative_,harteeeeeeeeetiman
_label_negative_,manecentex
_label_negative_,anesman
_label_negative_,prencensen
_label_negative_,aneeeredm
_label_negative_,mineactiv
_label_negative_,atuf
_label_negative_,corestyme
_label_negative_,prantredq
_label_negative_,anteeeaaaeesnow
_label_negative_,antaaeaalac
_label_negative_,braneaereans
_label_negative_,antaaaeslop
_label_negative_,baateeoratane
_label_negative_,antaasnuk
_label_negative_,eaaecentex
_label_negative_,txa
_label_negative_,maneeflay
_label_negative_,toreetoashat
_label_negative_,toreeneealej
_label_negative_,toeeeeeeeeslufe
_label_negative_,marereenc1b
_label_negative_,trested
_label_negative_,dartepray
_label_negative_,meigut
_label_negative_,toreeeeennlink
_label_negative_,beateeter-e
_label_negative_,aneersrtsing
_label_negative_,tareslob
_label_negative_,praneratibe
_label_negative_,toeeeetaphy
_label_negative_,treneeeeeeeretive
_label_negative_,aneareane1b
_label_negative_,anindex
_label_negative_,toreeeeenarthon
_label_negative_,creinn
_label_negative_,neloc
_label_negative_,toeaatasga
_label_negative_,maneomed
_label_negative_,praneaeenkj
_label_negative_,antinaaedesigx
_label_negative_,arenhone
_label_negative_,anteraarernimed
_label_negative_,toeeeeeecarien
_label_negative_,thenerrtips
_label_negative_,aneorendke
_label_negative_,braneeeeeetlapf
_label_negative_,aneereeeeestidras
_label_negative_,anteeeaesean
